[
{
    "model": "contenttypes.contenttype",
    "pk": 1,
    "fields": {
        "app_label": "admin",
        "model": "logentry"
    }
},
{
    "model": "contenttypes.contenttype",
    "pk": 2,
    "fields": {
        "app_label": "auth",
        "model": "permission"
    }
},
{
    "model": "contenttypes.contenttype",
    "pk": 3,
    "fields": {
        "app_label": "auth",
        "model": "group"
    }
},
{
    "model": "contenttypes.contenttype",
    "pk": 4,
    "fields": {
        "app_label": "auth",
        "model": "user"
    }
},
{
    "model": "contenttypes.contenttype",
    "pk": 5,
    "fields": {
        "app_label": "contenttypes",
        "model": "contenttype"
    }
},
{
    "model": "contenttypes.contenttype",
    "pk": 6,
    "fields": {
        "app_label": "sessions",
        "model": "session"
    }
},
{
    "model": "contenttypes.contenttype",
    "pk": 7,
    "fields": {
        "app_label": "products",
        "model": "product"
    }
},
{
    "model": "contenttypes.contenttype",
    "pk": 8,
    "fields": {
        "app_label": "tags",
        "model": "tag"
    }
},
{
    "model": "contenttypes.contenttype",
    "pk": 9,
    "fields": {
        "app_label": "carts",
        "model": "cart"
    }
},
{
    "model": "contenttypes.contenttype",
    "pk": 10,
    "fields": {
        "app_label": "orders",
        "model": "order"
    }
},
{
    "model": "contenttypes.contenttype",
    "pk": 11,
    "fields": {
        "app_label": "billing",
        "model": "billingprofile"
    }
},
{
    "model": "contenttypes.contenttype",
    "pk": 12,
    "fields": {
        "app_label": "accounts",
        "model": "guestemail"
    }
},
{
    "model": "contenttypes.contenttype",
    "pk": 13,
    "fields": {
        "app_label": "addresses",
        "model": "address"
    }
},
{
    "model": "contenttypes.contenttype",
    "pk": 14,
    "fields": {
        "app_label": "accounts",
        "model": "user"
    }
},
{
    "model": "sessions.session",
    "pk": "5yntqut75a050mdcv4zcnsb85kd0u8nn",
    "fields": {
        "session_data": "NGYxMjEyOTY3ODdhYWQ2OWMzMDgzNTVmNjQwMmUxZTAyNjRjMjFkNTp7ImNhcnRfaWQiOjIxLCJjYXJ0X2l0ZW1zIjowLCJfYXV0aF91c2VyX2lkIjoiMSIsIl9hdXRoX3VzZXJfYmFja2VuZCI6ImRqYW5nby5jb250cmliLmF1dGguYmFja2VuZHMuTW9kZWxCYWNrZW5kIiwiX2F1dGhfdXNlcl9oYXNoIjoiN2VlMTlhOWEyZjczOWQxYzVjMmUwOWEyNGFmNTA2NDBkYjViMjllMSJ9",
        "expire_date": "2019-07-25T12:12:33.108Z"
    }
},
{
    "model": "sessions.session",
    "pk": "kg3pxep7271glip0paf1x9o9vzd9coxk",
    "fields": {
        "session_data": "NWJiZjg2YmVkZDhmZWNkM2ZkNGVmZDdhY2FhZWJhNWEwZDc3NTRhYTp7Il9hdXRoX3VzZXJfaWQiOiIxIiwiX2F1dGhfdXNlcl9iYWNrZW5kIjoiZGphbmdvLmNvbnRyaWIuYXV0aC5iYWNrZW5kcy5Nb2RlbEJhY2tlbmQiLCJfYXV0aF91c2VyX2hhc2giOiJiNGYyOGM5NjY3NTFmZWEzYWQ1YmUyYWMxZmMzNzk3NjJhMmRmZTBhIn0=",
        "expire_date": "2019-03-07T13:35:54.576Z"
    }
},
{
    "model": "sessions.session",
    "pk": "n6lbjw59eltehvp2dqkg67iisosn1swk",
    "fields": {
        "session_data": "YzMxNmVkMzEwMzRjOGJjMzZkYzM1Y2IxYjAwOTVjN2ZmMGJhMzM1Zjp7ImNhcnRfaWQiOjExLCJfYXV0aF91c2VyX2lkIjoiMSIsIl9hdXRoX3VzZXJfYmFja2VuZCI6ImRqYW5nby5jb250cmliLmF1dGguYmFja2VuZHMuTW9kZWxCYWNrZW5kIiwiX2F1dGhfdXNlcl9oYXNoIjoiYmFlNWE3NDkyOTAyMmJhMDhhOTlmYTNkOGRjYTY5ODA3N2UyYjU1MCJ9",
        "expire_date": "2019-04-09T15:54:33.673Z"
    }
},
{
    "model": "sessions.session",
    "pk": "ocn9csvcirqs35coeeo0fsyf3brnxmbv",
    "fields": {
        "session_data": "NjEwYmJiOTFjODA0ZTczNTc0MDA2MTA4YTY1ZTU1ZjMyNjBjZjY5NTp7ImNhcnRfaWQiOjE1LCJjYXJ0X2l0ZW1zIjoxLCJndWVzdF9lbWFpbF9pZCI6MX0=",
        "expire_date": "2019-05-18T03:56:00.397Z"
    }
},
{
    "model": "accounts.user",
    "pk": 1,
    "fields": {
        "password": "pbkdf2_sha256$36000$TqfBuywfO1Gx$1ZMapEiGllFn0U/m4BOr3o94MDMSylOGaSJ8vdMKhsg=",
        "last_login": null,
        "email": "faisalahmed0086@gmail.comm",
        "active": true,
        "staff": true,
        "admin": true,
        "timestamp": "2019-07-12T06:09:39.394Z"
    }
},
{
    "model": "accounts.guestemail",
    "pk": 1,
    "fields": {
        "email": "abc123@gmail.com",
        "active": true,
        "update": "2019-05-04T03:55:59.870Z",
        "timestamp": "2019-05-04T03:55:59.871Z"
    }
},
{
    "model": "accounts.guestemail",
    "pk": 2,
    "fields": {
        "email": "abc@gmail.com",
        "active": true,
        "update": "2019-07-05T08:47:01.044Z",
        "timestamp": "2019-07-05T08:47:01.044Z"
    }
},
{
    "model": "accounts.guestemail",
    "pk": 3,
    "fields": {
        "email": "abc@gmail.com",
        "active": true,
        "update": "2019-07-05T09:04:41.817Z",
        "timestamp": "2019-07-05T09:04:41.817Z"
    }
},
{
    "model": "accounts.guestemail",
    "pk": 4,
    "fields": {
        "email": "abc@gmail.com",
        "active": true,
        "update": "2019-07-05T12:38:48.975Z",
        "timestamp": "2019-07-05T12:38:48.975Z"
    }
},
{
    "model": "addresses.address",
    "pk": 1,
    "fields": {
        "billing_profile": 2,
        "name": null,
        "nickname": null,
        "address_type": "shipping",
        "address_line_1": "d.M.c 18 west nakhalpara",
        "address_line_2": null,
        "city": "Dhaka",
        "country": "Bangladesh",
        "state": "Dhaka",
        "postal_code": "1215"
    }
},
{
    "model": "addresses.address",
    "pk": 2,
    "fields": {
        "billing_profile": 2,
        "name": null,
        "nickname": null,
        "address_type": "billing",
        "address_line_1": "d.M.c 18 west nakhalpara",
        "address_line_2": null,
        "city": "Dhaka",
        "country": "Bangladesh",
        "state": "Dhaka",
        "postal_code": "1215"
    }
},
{
    "model": "billing.billingprofile",
    "pk": 2,
    "fields": {
        "user": 1,
        "email": "faisalahmed0086@gmail.com",
        "active": true,
        "update": "2019-05-04T03:55:23.106Z",
        "timestamp": "2019-05-04T03:55:23.106Z"
    }
},
{
    "model": "billing.billingprofile",
    "pk": 3,
    "fields": {
        "user": null,
        "email": "abc123@gmail.com",
        "active": true,
        "update": "2019-05-04T03:56:00.574Z",
        "timestamp": "2019-05-04T03:56:00.574Z"
    }
},
{
    "model": "billing.billingprofile",
    "pk": 4,
    "fields": {
        "user": null,
        "email": "abc@gmail.com",
        "active": true,
        "update": "2019-07-05T08:47:01.622Z",
        "timestamp": "2019-07-05T08:47:01.622Z"
    }
},
{
    "model": "carts.cart",
    "pk": 10,
    "fields": {
        "user": 1,
        "subtotal": "400079.97",
        "total": "400089.97",
        "updated": "2019-04-20T09:42:11.292Z",
        "timestamp": "2019-03-26T15:33:10.660Z",
        "products": [
            1,
            3,
            4
        ]
    }
},
{
    "model": "carts.cart",
    "pk": 11,
    "fields": {
        "user": 1,
        "subtotal": "79.98",
        "total": "89.98",
        "updated": "2019-03-27T13:30:19.149Z",
        "timestamp": "2019-03-26T15:54:01.553Z",
        "products": [
            1,
            3
        ]
    }
},
{
    "model": "carts.cart",
    "pk": 12,
    "fields": {
        "user": 1,
        "subtotal": "400079.97",
        "total": "400089.97",
        "updated": "2019-04-20T09:40:07.379Z",
        "timestamp": "2019-04-14T04:38:47.060Z",
        "products": [
            1,
            3,
            4
        ]
    }
},
{
    "model": "carts.cart",
    "pk": 13,
    "fields": {
        "user": 1,
        "subtotal": "0.00",
        "total": "0.00",
        "updated": "2019-05-01T18:15:22.892Z",
        "timestamp": "2019-04-20T16:31:45.847Z",
        "products": []
    }
},
{
    "model": "carts.cart",
    "pk": 14,
    "fields": {
        "user": 1,
        "subtotal": "39.99",
        "total": "43.19",
        "updated": "2019-05-04T03:55:17.267Z",
        "timestamp": "2019-05-01T18:15:47.241Z",
        "products": [
            3
        ]
    }
},
{
    "model": "carts.cart",
    "pk": 15,
    "fields": {
        "user": null,
        "subtotal": "39.99",
        "total": "43.19",
        "updated": "2019-05-04T03:55:35.126Z",
        "timestamp": "2019-05-04T03:55:33.331Z",
        "products": [
            1
        ]
    }
},
{
    "model": "carts.cart",
    "pk": 16,
    "fields": {
        "user": 1,
        "subtotal": "0.00",
        "total": "0.00",
        "updated": "2019-07-05T09:04:24.326Z",
        "timestamp": "2019-07-05T08:46:29.369Z",
        "products": []
    }
},
{
    "model": "carts.cart",
    "pk": 17,
    "fields": {
        "user": 1,
        "subtotal": "39.99",
        "total": "43.19",
        "updated": "2019-07-05T09:05:51.219Z",
        "timestamp": "2019-07-05T09:04:32.362Z",
        "products": [
            3
        ]
    }
},
{
    "model": "carts.cart",
    "pk": 18,
    "fields": {
        "user": 1,
        "subtotal": "39.99",
        "total": "43.19",
        "updated": "2019-07-05T12:37:11.862Z",
        "timestamp": "2019-07-05T10:15:47.388Z",
        "products": [
            3
        ]
    }
},
{
    "model": "carts.cart",
    "pk": 19,
    "fields": {
        "user": 1,
        "subtotal": "39.99",
        "total": "43.19",
        "updated": "2019-07-05T19:51:03.851Z",
        "timestamp": "2019-07-05T12:38:21.150Z",
        "products": [
            3
        ]
    }
},
{
    "model": "carts.cart",
    "pk": 20,
    "fields": {
        "user": 1,
        "subtotal": "79.98",
        "total": "86.38",
        "updated": "2019-07-08T11:36:35.757Z",
        "timestamp": "2019-07-08T09:39:02.162Z",
        "products": [
            1,
            3
        ]
    }
},
{
    "model": "carts.cart",
    "pk": 21,
    "fields": {
        "user": 1,
        "subtotal": "0.00",
        "total": "0.00",
        "updated": "2019-07-11T12:12:32.972Z",
        "timestamp": "2019-07-08T11:37:00.167Z",
        "products": []
    }
},
{
    "model": "orders.order",
    "pk": 2,
    "fields": {
        "billing_profile": null,
        "order_id": "zypsvcejn4",
        "shipping_address": null,
        "billing_address": null,
        "cart": 10,
        "status": "created",
        "shipping_total": "5.99",
        "total": "400095.96",
        "active": true
    }
},
{
    "model": "orders.order",
    "pk": 3,
    "fields": {
        "billing_profile": null,
        "order_id": "25o4j3kz9t",
        "shipping_address": null,
        "billing_address": null,
        "cart": 12,
        "status": "created",
        "shipping_total": "5.99",
        "total": "400095.96",
        "active": true
    }
},
{
    "model": "orders.order",
    "pk": 4,
    "fields": {
        "billing_profile": null,
        "order_id": "hophq3v4an",
        "shipping_address": null,
        "billing_address": null,
        "cart": 13,
        "status": "created",
        "shipping_total": "5.99",
        "total": "5.99",
        "active": true
    }
},
{
    "model": "orders.order",
    "pk": 5,
    "fields": {
        "billing_profile": null,
        "order_id": "swpcwhpi4r",
        "shipping_address": null,
        "billing_address": null,
        "cart": 14,
        "status": "created",
        "shipping_total": "5.99",
        "total": "49.18",
        "active": false
    }
},
{
    "model": "orders.order",
    "pk": 6,
    "fields": {
        "billing_profile": 2,
        "order_id": "g7h5qt213y",
        "shipping_address": null,
        "billing_address": null,
        "cart": 14,
        "status": "created",
        "shipping_total": "5.99",
        "total": "49.18",
        "active": true
    }
},
{
    "model": "orders.order",
    "pk": 7,
    "fields": {
        "billing_profile": 3,
        "order_id": "akhqox5bg3",
        "shipping_address": null,
        "billing_address": null,
        "cart": 15,
        "status": "created",
        "shipping_total": "5.99",
        "total": "49.18",
        "active": true
    }
},
{
    "model": "orders.order",
    "pk": 8,
    "fields": {
        "billing_profile": 4,
        "order_id": "h7zjge2w4w",
        "shipping_address": null,
        "billing_address": null,
        "cart": 16,
        "status": "created",
        "shipping_total": "5.99",
        "total": "49.18",
        "active": false
    }
},
{
    "model": "orders.order",
    "pk": 9,
    "fields": {
        "billing_profile": 2,
        "order_id": "fcqpy3u8g4",
        "shipping_address": null,
        "billing_address": null,
        "cart": 16,
        "status": "created",
        "shipping_total": "5.99",
        "total": "49.18",
        "active": true
    }
},
{
    "model": "orders.order",
    "pk": 10,
    "fields": {
        "billing_profile": 4,
        "order_id": "uhyna13u36",
        "shipping_address": null,
        "billing_address": null,
        "cart": 17,
        "status": "created",
        "shipping_total": "5.99",
        "total": "49.18",
        "active": false
    }
},
{
    "model": "orders.order",
    "pk": 11,
    "fields": {
        "billing_profile": 2,
        "order_id": "lcbi0juv3d",
        "shipping_address": null,
        "billing_address": null,
        "cart": 17,
        "status": "created",
        "shipping_total": "5.99",
        "total": "49.18",
        "active": true
    }
},
{
    "model": "orders.order",
    "pk": 12,
    "fields": {
        "billing_profile": 2,
        "order_id": "c4ctv4rcc7",
        "shipping_address": null,
        "billing_address": null,
        "cart": 18,
        "status": "created",
        "shipping_total": "5.99",
        "total": "49.18",
        "active": true
    }
},
{
    "model": "orders.order",
    "pk": 13,
    "fields": {
        "billing_profile": 4,
        "order_id": "eisjhb4ims",
        "shipping_address": null,
        "billing_address": null,
        "cart": 19,
        "status": "created",
        "shipping_total": "5.99",
        "total": "49.18",
        "active": false
    }
},
{
    "model": "orders.order",
    "pk": 14,
    "fields": {
        "billing_profile": 2,
        "order_id": "q9klyc79wo",
        "shipping_address": 1,
        "billing_address": 2,
        "cart": 19,
        "status": "paid",
        "shipping_total": "5.99",
        "total": "49.18",
        "active": true
    }
},
{
    "model": "orders.order",
    "pk": 15,
    "fields": {
        "billing_profile": 2,
        "order_id": "714doah1xb",
        "shipping_address": null,
        "billing_address": null,
        "cart": 20,
        "status": "created",
        "shipping_total": "5.99",
        "total": "92.37",
        "active": true
    }
},
{
    "model": "products.product",
    "pk": 1,
    "fields": {
        "title": "T-shirt",
        "slug": "abc",
        "description": "This is a great a product. Buy it.",
        "price": "39.99",
        "image": "",
        "featured": false,
        "active": true,
        "timestamp": "2019-03-08T19:57:04.346Z"
    }
},
{
    "model": "products.product",
    "pk": 3,
    "fields": {
        "title": "Hat",
        "slug": "hat",
        "description": "This is my awesome Hat",
        "price": "39.99",
        "image": "products/29103187/29103187.jpg",
        "featured": false,
        "active": true,
        "timestamp": "2019-03-08T19:57:04.346Z"
    }
},
{
    "model": "products.product",
    "pk": 4,
    "fields": {
        "title": "Super Computer",
        "slug": "Supercompute",
        "description": "yeahhhhh",
        "price": "399999.99",
        "image": "",
        "featured": true,
        "active": true,
        "timestamp": "2019-03-08T19:57:04.346Z"
    }
},
{
    "model": "products.product",
    "pk": 5,
    "fields": {
        "title": "T-shirt",
        "slug": "t-shirt",
        "description": "yeahhhh",
        "price": "39.99",
        "image": "",
        "featured": false,
        "active": true,
        "timestamp": "2019-03-08T19:57:04.346Z"
    }
},
{
    "model": "products.product",
    "pk": 6,
    "fields": {
        "title": "lorem ipsum",
        "slug": "lorem-ipsum",
        "description": "What is Lorem Ipsum?\r\nLorem Ipsum is simply dummy text of the printing and typesetting industry. Lorem Ipsum has been the industry's standard dummy text ever since the 1500s, when an unknown printer took a galley of type and scrambled it to make a type specimen book. It has survived not only five centuries, but also the leap into electronic typesetting, remaining essentially unchanged. It was popularised in the 1960s with the release of Letraset sheets containing Lorem Ipsum passages, and more recently with desktop publishing software like Aldus PageMaker including versions of Lorem Ipsum.\r\n\r\nWhy do we use it?\r\nIt is a long established fact that a reader will be distracted by the readable content of a page when looking at its layout. The point of using Lorem Ipsum is that it has a more-or-less normal distribution of letters, as opposed to using 'Content here, content here', making it look like readable English. Many desktop publishing packages and web page editors now use Lorem Ipsum as their default model text, and a search for 'lorem ipsum' will uncover many web sites still in their infancy. Various versions have evolved over the years, sometimes by accident, sometimes on purpose (injected humour and the like).\r\n\r\n\r\nWhere does it come from?\r\nContrary to popular belief, Lorem Ipsum is not simply random text. It has roots in a piece of classical Latin literature from 45 BC, making it over 2000 years old. Richard McClintock, a Latin professor at Hampden-Sydney College in Virginia, looked up one of the more obscure Latin words, consectetur, from a Lorem Ipsum passage, and going through the cites of the word in classical literature, discovered the undoubtable source. Lorem Ipsum comes from sections 1.10.32 and 1.10.33 of \"de Finibus Bonorum et Malorum\" (The Extremes of Good and Evil) by Cicero, written in 45 BC. This book is a treatise on the theory of ethics, very popular during the Renaissance. The first line of Lorem Ipsum, \"Lorem ipsum dolor sit amet..\", comes from a line in section 1.10.32.\r\n\r\nThe standard chunk of Lorem Ipsum used since the 1500s is reproduced below for those interested. Sections 1.10.32 and 1.10.33 from \"de Finibus Bonorum et Malorum\" by Cicero are also reproduced in their exact original form, accompanied by English versions from the 1914 translation by H. Rackham.\r\n\r\nWhere can I get some?\r\nThere are many variations of passages of Lorem Ipsum available, but the majority have suffered alteration in some form, by injected humour, or randomised words which don't look even slightly believable. If you are going to use a passage of Lorem Ipsum, you need to be sure there isn't anything embarrassing hidden in the middle of text. All the Lorem Ipsum generators on the Internet tend to repeat predefined chunks as necessary, making this the first true generator on the Internet. It uses a dictionary of over 200 Latin words, combined with a handful of model sentence structures, to generate Lorem Ipsum which looks reasonable. The generated Lorem Ipsum is therefore always free from repetition, injected humour, or non-characteristic words etc.",
        "price": "39.99",
        "image": "",
        "featured": true,
        "active": true,
        "timestamp": "2019-03-08T19:57:04.346Z"
    }
},
{
    "model": "tags.tag",
    "pk": 1,
    "fields": {
        "title": "T shirt",
        "slug": "tshirt-1",
        "timestamp": "2019-03-18T14:03:49.529Z",
        "active": true,
        "products": [
            1,
            5
        ]
    }
},
{
    "model": "tags.tag",
    "pk": 2,
    "fields": {
        "title": "TShirt",
        "slug": "tshirt",
        "timestamp": "2019-03-18T14:04:48.620Z",
        "active": true,
        "products": [
            1,
            5
        ]
    }
},
{
    "model": "tags.tag",
    "pk": 3,
    "fields": {
        "title": "T-shirt",
        "slug": "t-shirt",
        "timestamp": "2019-03-18T14:05:39.736Z",
        "active": true,
        "products": [
            1,
            5
        ]
    }
},
{
    "model": "tags.tag",
    "pk": 4,
    "fields": {
        "title": "Red",
        "slug": "red",
        "timestamp": "2019-03-18T14:06:40.073Z",
        "active": true,
        "products": [
            1,
            3,
            5
        ]
    }
},
{
    "model": "tags.tag",
    "pk": 5,
    "fields": {
        "title": "Black",
        "slug": "black",
        "timestamp": "2019-03-18T14:07:11.140Z",
        "active": true,
        "products": [
            1,
            3,
            5
        ]
    }
},
{
    "model": "tags.tag",
    "pk": 6,
    "fields": {
        "title": "shirt",
        "slug": "shirt",
        "timestamp": "2019-03-19T14:43:18.201Z",
        "active": true,
        "products": [
            1,
            5,
            6
        ]
    }
},
{
    "model": "auth.permission",
    "pk": 1,
    "fields": {
        "name": "Can add log entry",
        "content_type": 1,
        "codename": "add_logentry"
    }
},
{
    "model": "auth.permission",
    "pk": 2,
    "fields": {
        "name": "Can change log entry",
        "content_type": 1,
        "codename": "change_logentry"
    }
},
{
    "model": "auth.permission",
    "pk": 3,
    "fields": {
        "name": "Can delete log entry",
        "content_type": 1,
        "codename": "delete_logentry"
    }
},
{
    "model": "auth.permission",
    "pk": 4,
    "fields": {
        "name": "Can add permission",
        "content_type": 2,
        "codename": "add_permission"
    }
},
{
    "model": "auth.permission",
    "pk": 5,
    "fields": {
        "name": "Can change permission",
        "content_type": 2,
        "codename": "change_permission"
    }
},
{
    "model": "auth.permission",
    "pk": 6,
    "fields": {
        "name": "Can delete permission",
        "content_type": 2,
        "codename": "delete_permission"
    }
},
{
    "model": "auth.permission",
    "pk": 7,
    "fields": {
        "name": "Can add group",
        "content_type": 3,
        "codename": "add_group"
    }
},
{
    "model": "auth.permission",
    "pk": 8,
    "fields": {
        "name": "Can change group",
        "content_type": 3,
        "codename": "change_group"
    }
},
{
    "model": "auth.permission",
    "pk": 9,
    "fields": {
        "name": "Can delete group",
        "content_type": 3,
        "codename": "delete_group"
    }
},
{
    "model": "auth.permission",
    "pk": 10,
    "fields": {
        "name": "Can add user",
        "content_type": 4,
        "codename": "add_user"
    }
},
{
    "model": "auth.permission",
    "pk": 11,
    "fields": {
        "name": "Can change user",
        "content_type": 4,
        "codename": "change_user"
    }
},
{
    "model": "auth.permission",
    "pk": 12,
    "fields": {
        "name": "Can delete user",
        "content_type": 4,
        "codename": "delete_user"
    }
},
{
    "model": "auth.permission",
    "pk": 13,
    "fields": {
        "name": "Can add content type",
        "content_type": 5,
        "codename": "add_contenttype"
    }
},
{
    "model": "auth.permission",
    "pk": 14,
    "fields": {
        "name": "Can change content type",
        "content_type": 5,
        "codename": "change_contenttype"
    }
},
{
    "model": "auth.permission",
    "pk": 15,
    "fields": {
        "name": "Can delete content type",
        "content_type": 5,
        "codename": "delete_contenttype"
    }
},
{
    "model": "auth.permission",
    "pk": 16,
    "fields": {
        "name": "Can add session",
        "content_type": 6,
        "codename": "add_session"
    }
},
{
    "model": "auth.permission",
    "pk": 17,
    "fields": {
        "name": "Can change session",
        "content_type": 6,
        "codename": "change_session"
    }
},
{
    "model": "auth.permission",
    "pk": 18,
    "fields": {
        "name": "Can delete session",
        "content_type": 6,
        "codename": "delete_session"
    }
},
{
    "model": "auth.permission",
    "pk": 19,
    "fields": {
        "name": "Can add product",
        "content_type": 7,
        "codename": "add_product"
    }
},
{
    "model": "auth.permission",
    "pk": 20,
    "fields": {
        "name": "Can change product",
        "content_type": 7,
        "codename": "change_product"
    }
},
{
    "model": "auth.permission",
    "pk": 21,
    "fields": {
        "name": "Can delete product",
        "content_type": 7,
        "codename": "delete_product"
    }
},
{
    "model": "auth.permission",
    "pk": 22,
    "fields": {
        "name": "Can add tag",
        "content_type": 8,
        "codename": "add_tag"
    }
},
{
    "model": "auth.permission",
    "pk": 23,
    "fields": {
        "name": "Can change tag",
        "content_type": 8,
        "codename": "change_tag"
    }
},
{
    "model": "auth.permission",
    "pk": 24,
    "fields": {
        "name": "Can delete tag",
        "content_type": 8,
        "codename": "delete_tag"
    }
},
{
    "model": "auth.permission",
    "pk": 25,
    "fields": {
        "name": "Can add cart",
        "content_type": 9,
        "codename": "add_cart"
    }
},
{
    "model": "auth.permission",
    "pk": 26,
    "fields": {
        "name": "Can change cart",
        "content_type": 9,
        "codename": "change_cart"
    }
},
{
    "model": "auth.permission",
    "pk": 27,
    "fields": {
        "name": "Can delete cart",
        "content_type": 9,
        "codename": "delete_cart"
    }
},
{
    "model": "auth.permission",
    "pk": 28,
    "fields": {
        "name": "Can add order",
        "content_type": 10,
        "codename": "add_order"
    }
},
{
    "model": "auth.permission",
    "pk": 29,
    "fields": {
        "name": "Can change order",
        "content_type": 10,
        "codename": "change_order"
    }
},
{
    "model": "auth.permission",
    "pk": 30,
    "fields": {
        "name": "Can delete order",
        "content_type": 10,
        "codename": "delete_order"
    }
},
{
    "model": "auth.permission",
    "pk": 31,
    "fields": {
        "name": "Can add billing profile",
        "content_type": 11,
        "codename": "add_billingprofile"
    }
},
{
    "model": "auth.permission",
    "pk": 32,
    "fields": {
        "name": "Can change billing profile",
        "content_type": 11,
        "codename": "change_billingprofile"
    }
},
{
    "model": "auth.permission",
    "pk": 33,
    "fields": {
        "name": "Can delete billing profile",
        "content_type": 11,
        "codename": "delete_billingprofile"
    }
},
{
    "model": "auth.permission",
    "pk": 34,
    "fields": {
        "name": "Can add guest email",
        "content_type": 12,
        "codename": "add_guestemail"
    }
},
{
    "model": "auth.permission",
    "pk": 35,
    "fields": {
        "name": "Can change guest email",
        "content_type": 12,
        "codename": "change_guestemail"
    }
},
{
    "model": "auth.permission",
    "pk": 36,
    "fields": {
        "name": "Can delete guest email",
        "content_type": 12,
        "codename": "delete_guestemail"
    }
},
{
    "model": "auth.permission",
    "pk": 37,
    "fields": {
        "name": "Can add address",
        "content_type": 13,
        "codename": "add_address"
    }
},
{
    "model": "auth.permission",
    "pk": 38,
    "fields": {
        "name": "Can change address",
        "content_type": 13,
        "codename": "change_address"
    }
},
{
    "model": "auth.permission",
    "pk": 39,
    "fields": {
        "name": "Can delete address",
        "content_type": 13,
        "codename": "delete_address"
    }
},
{
    "model": "auth.permission",
    "pk": 40,
    "fields": {
        "name": "Can add user",
        "content_type": 14,
        "codename": "add_user"
    }
},
{
    "model": "auth.permission",
    "pk": 41,
    "fields": {
        "name": "Can change user",
        "content_type": 14,
        "codename": "change_user"
    }
},
{
    "model": "auth.permission",
    "pk": 42,
    "fields": {
        "name": "Can delete user",
        "content_type": 14,
        "codename": "delete_user"
    }
},
{
    "model": "admin.logentry",
    "pk": 1,
    "fields": {
        "action_time": "2019-02-21T13:38:52.665Z",
        "user": 1,
        "content_type": 4,
        "object_id": "1",
        "object_repr": "faisalahmed0086",
        "action_flag": 2,
        "change_message": "[{\"changed\": {\"fields\": [\"first_name\", \"last_name\", \"email\"]}}]"
    }
},
{
    "model": "admin.logentry",
    "pk": 2,
    "fields": {
        "action_time": "2019-02-22T02:26:54.703Z",
        "user": 1,
        "content_type": 7,
        "object_id": "1",
        "object_repr": "Product object",
        "action_flag": 1,
        "change_message": "[{\"added\": {}}]"
    }
},
{
    "model": "admin.logentry",
    "pk": 3,
    "fields": {
        "action_time": "2019-02-22T02:27:13.809Z",
        "user": 1,
        "content_type": 7,
        "object_id": "2",
        "object_repr": "Product object",
        "action_flag": 1,
        "change_message": "[{\"added\": {}}]"
    }
},
{
    "model": "admin.logentry",
    "pk": 4,
    "fields": {
        "action_time": "2019-02-22T02:27:55.937Z",
        "user": 1,
        "content_type": 7,
        "object_id": "2",
        "object_repr": "Product object",
        "action_flag": 3,
        "change_message": ""
    }
},
{
    "model": "admin.logentry",
    "pk": 5,
    "fields": {
        "action_time": "2019-02-22T11:25:52.660Z",
        "user": 1,
        "content_type": 7,
        "object_id": "3",
        "object_repr": "Hat",
        "action_flag": 1,
        "change_message": "[{\"added\": {}}]"
    }
},
{
    "model": "admin.logentry",
    "pk": 6,
    "fields": {
        "action_time": "2019-02-23T05:20:32.767Z",
        "user": 1,
        "content_type": 7,
        "object_id": "3",
        "object_repr": "Hat",
        "action_flag": 2,
        "change_message": "[{\"changed\": {\"fields\": [\"image\"]}}]"
    }
},
{
    "model": "admin.logentry",
    "pk": 7,
    "fields": {
        "action_time": "2019-02-23T05:42:49.574Z",
        "user": 1,
        "content_type": 7,
        "object_id": "3",
        "object_repr": "Hat",
        "action_flag": 2,
        "change_message": "[{\"changed\": {\"fields\": [\"image\"]}}]"
    }
},
{
    "model": "admin.logentry",
    "pk": 8,
    "fields": {
        "action_time": "2019-02-23T05:56:05.007Z",
        "user": 1,
        "content_type": 7,
        "object_id": "3",
        "object_repr": "Hat",
        "action_flag": 2,
        "change_message": "[{\"changed\": {\"fields\": [\"image\"]}}]"
    }
},
{
    "model": "admin.logentry",
    "pk": 9,
    "fields": {
        "action_time": "2019-02-27T14:02:02.420Z",
        "user": 1,
        "content_type": 7,
        "object_id": "4",
        "object_repr": "Super Computer",
        "action_flag": 1,
        "change_message": "[{\"added\": {}}]"
    }
},
{
    "model": "admin.logentry",
    "pk": 10,
    "fields": {
        "action_time": "2019-02-28T12:33:57.254Z",
        "user": 1,
        "content_type": 7,
        "object_id": "4",
        "object_repr": "Super Computer",
        "action_flag": 2,
        "change_message": "[{\"changed\": {\"fields\": [\"slug\"]}}]"
    }
},
{
    "model": "admin.logentry",
    "pk": 11,
    "fields": {
        "action_time": "2019-02-28T12:56:38.082Z",
        "user": 1,
        "content_type": 7,
        "object_id": "3",
        "object_repr": "Hat",
        "action_flag": 2,
        "change_message": "[{\"changed\": {\"fields\": [\"slug\"]}}]"
    }
},
{
    "model": "admin.logentry",
    "pk": 12,
    "fields": {
        "action_time": "2019-02-28T12:58:20.993Z",
        "user": 1,
        "content_type": 7,
        "object_id": "1",
        "object_repr": "T-shirt",
        "action_flag": 2,
        "change_message": "[]"
    }
},
{
    "model": "admin.logentry",
    "pk": 13,
    "fields": {
        "action_time": "2019-02-28T13:27:34.193Z",
        "user": 1,
        "content_type": 7,
        "object_id": "3",
        "object_repr": "Hat",
        "action_flag": 2,
        "change_message": "[{\"changed\": {\"fields\": [\"slug\"]}}]"
    }
},
{
    "model": "admin.logentry",
    "pk": 14,
    "fields": {
        "action_time": "2019-02-28T13:28:04.078Z",
        "user": 1,
        "content_type": 7,
        "object_id": "3",
        "object_repr": "Hat",
        "action_flag": 2,
        "change_message": "[{\"changed\": {\"fields\": [\"slug\"]}}]"
    }
},
{
    "model": "admin.logentry",
    "pk": 15,
    "fields": {
        "action_time": "2019-02-28T13:29:31.295Z",
        "user": 1,
        "content_type": 7,
        "object_id": "5",
        "object_repr": "T-shirt",
        "action_flag": 1,
        "change_message": "[{\"added\": {}}]"
    }
},
{
    "model": "admin.logentry",
    "pk": 16,
    "fields": {
        "action_time": "2019-02-28T13:29:53.424Z",
        "user": 1,
        "content_type": 7,
        "object_id": "5",
        "object_repr": "T-shirt",
        "action_flag": 2,
        "change_message": "[]"
    }
},
{
    "model": "admin.logentry",
    "pk": 17,
    "fields": {
        "action_time": "2019-03-08T19:44:18.177Z",
        "user": 1,
        "content_type": 7,
        "object_id": "6",
        "object_repr": "lorem ipsum",
        "action_flag": 1,
        "change_message": "[{\"added\": {}}]"
    }
},
{
    "model": "admin.logentry",
    "pk": 18,
    "fields": {
        "action_time": "2019-03-13T15:10:22.749Z",
        "user": 1,
        "content_type": 7,
        "object_id": "6",
        "object_repr": "lorem ipsum",
        "action_flag": 2,
        "change_message": "[{\"changed\": {\"fields\": [\"featured\"]}}]"
    }
},
{
    "model": "admin.logentry",
    "pk": 19,
    "fields": {
        "action_time": "2019-03-17T06:20:31.212Z",
        "user": 1,
        "content_type": 7,
        "object_id": "3",
        "object_repr": "Hat",
        "action_flag": 2,
        "change_message": "[{\"changed\": {\"fields\": [\"description\"]}}]"
    }
},
{
    "model": "admin.logentry",
    "pk": 20,
    "fields": {
        "action_time": "2019-03-18T14:03:49.538Z",
        "user": 1,
        "content_type": 8,
        "object_id": "1",
        "object_repr": "T shirt",
        "action_flag": 1,
        "change_message": "[{\"added\": {}}]"
    }
},
{
    "model": "admin.logentry",
    "pk": 21,
    "fields": {
        "action_time": "2019-03-18T14:04:48.628Z",
        "user": 1,
        "content_type": 8,
        "object_id": "2",
        "object_repr": "TShirt",
        "action_flag": 1,
        "change_message": "[{\"added\": {}}]"
    }
},
{
    "model": "admin.logentry",
    "pk": 22,
    "fields": {
        "action_time": "2019-03-18T14:05:39.743Z",
        "user": 1,
        "content_type": 8,
        "object_id": "3",
        "object_repr": "T-shirt",
        "action_flag": 1,
        "change_message": "[{\"added\": {}}]"
    }
},
{
    "model": "admin.logentry",
    "pk": 23,
    "fields": {
        "action_time": "2019-03-18T14:06:40.080Z",
        "user": 1,
        "content_type": 8,
        "object_id": "4",
        "object_repr": "Red",
        "action_flag": 1,
        "change_message": "[{\"added\": {}}]"
    }
},
{
    "model": "admin.logentry",
    "pk": 24,
    "fields": {
        "action_time": "2019-03-18T14:07:11.146Z",
        "user": 1,
        "content_type": 8,
        "object_id": "5",
        "object_repr": "Black",
        "action_flag": 1,
        "change_message": "[{\"added\": {}}]"
    }
},
{
    "model": "admin.logentry",
    "pk": 25,
    "fields": {
        "action_time": "2019-03-19T14:43:18.272Z",
        "user": 1,
        "content_type": 8,
        "object_id": "6",
        "object_repr": "shirt",
        "action_flag": 1,
        "change_message": "[{\"added\": {}}]"
    }
},
{
    "model": "admin.logentry",
    "pk": 26,
    "fields": {
        "action_time": "2019-03-26T15:21:59.233Z",
        "user": 1,
        "content_type": 9,
        "object_id": "1",
        "object_repr": "1",
        "action_flag": 3,
        "change_message": ""
    }
},
{
    "model": "admin.logentry",
    "pk": 27,
    "fields": {
        "action_time": "2019-03-26T15:22:46.317Z",
        "user": 1,
        "content_type": 9,
        "object_id": "2",
        "object_repr": "2",
        "action_flag": 3,
        "change_message": ""
    }
},
{
    "model": "admin.logentry",
    "pk": 28,
    "fields": {
        "action_time": "2019-03-26T15:24:11.211Z",
        "user": 1,
        "content_type": 9,
        "object_id": "3",
        "object_repr": "3",
        "action_flag": 3,
        "change_message": ""
    }
},
{
    "model": "admin.logentry",
    "pk": 29,
    "fields": {
        "action_time": "2019-03-26T15:25:55.124Z",
        "user": 1,
        "content_type": 9,
        "object_id": "5",
        "object_repr": "5",
        "action_flag": 3,
        "change_message": ""
    }
},
{
    "model": "admin.logentry",
    "pk": 30,
    "fields": {
        "action_time": "2019-03-26T15:25:55.358Z",
        "user": 1,
        "content_type": 9,
        "object_id": "4",
        "object_repr": "4",
        "action_flag": 3,
        "change_message": ""
    }
},
{
    "model": "admin.logentry",
    "pk": 31,
    "fields": {
        "action_time": "2019-03-26T15:30:24.558Z",
        "user": 1,
        "content_type": 9,
        "object_id": "8",
        "object_repr": "8",
        "action_flag": 3,
        "change_message": ""
    }
},
{
    "model": "admin.logentry",
    "pk": 32,
    "fields": {
        "action_time": "2019-03-26T15:30:24.729Z",
        "user": 1,
        "content_type": 9,
        "object_id": "7",
        "object_repr": "7",
        "action_flag": 3,
        "change_message": ""
    }
},
{
    "model": "admin.logentry",
    "pk": 33,
    "fields": {
        "action_time": "2019-03-26T15:30:24.873Z",
        "user": 1,
        "content_type": 9,
        "object_id": "6",
        "object_repr": "6",
        "action_flag": 3,
        "change_message": ""
    }
},
{
    "model": "admin.logentry",
    "pk": 34,
    "fields": {
        "action_time": "2019-03-26T15:32:59.334Z",
        "user": 1,
        "content_type": 9,
        "object_id": "9",
        "object_repr": "9",
        "action_flag": 3,
        "change_message": ""
    }
},
{
    "model": "admin.logentry",
    "pk": 35,
    "fields": {
        "action_time": "2019-03-26T16:19:31.162Z",
        "user": 1,
        "content_type": 9,
        "object_id": "11",
        "object_repr": "11",
        "action_flag": 2,
        "change_message": "[{\"changed\": {\"fields\": [\"user\"]}}]"
    }
},
{
    "model": "admin.logentry",
    "pk": 36,
    "fields": {
        "action_time": "2019-03-26T17:27:52.811Z",
        "user": 1,
        "content_type": 9,
        "object_id": "11",
        "object_repr": "11",
        "action_flag": 2,
        "change_message": "[{\"changed\": {\"fields\": [\"total\"]}}]"
    }
},
{
    "model": "admin.logentry",
    "pk": 37,
    "fields": {
        "action_time": "2019-03-26T17:28:02.273Z",
        "user": 1,
        "content_type": 9,
        "object_id": "11",
        "object_repr": "11",
        "action_flag": 2,
        "change_message": "[]"
    }
},
{
    "model": "admin.logentry",
    "pk": 38,
    "fields": {
        "action_time": "2019-03-26T17:28:09.786Z",
        "user": 1,
        "content_type": 9,
        "object_id": "11",
        "object_repr": "11",
        "action_flag": 2,
        "change_message": "[]"
    }
},
{
    "model": "admin.logentry",
    "pk": 39,
    "fields": {
        "action_time": "2019-03-26T17:32:22.235Z",
        "user": 1,
        "content_type": 9,
        "object_id": "11",
        "object_repr": "11",
        "action_flag": 2,
        "change_message": "[]"
    }
},
{
    "model": "admin.logentry",
    "pk": 40,
    "fields": {
        "action_time": "2019-03-26T17:33:57.387Z",
        "user": 1,
        "content_type": 9,
        "object_id": "11",
        "object_repr": "11",
        "action_flag": 2,
        "change_message": "[]"
    }
},
{
    "model": "admin.logentry",
    "pk": 41,
    "fields": {
        "action_time": "2019-03-27T13:11:55.172Z",
        "user": 1,
        "content_type": 9,
        "object_id": "11",
        "object_repr": "11",
        "action_flag": 2,
        "change_message": "[]"
    }
},
{
    "model": "admin.logentry",
    "pk": 42,
    "fields": {
        "action_time": "2019-03-27T13:12:01.598Z",
        "user": 1,
        "content_type": 9,
        "object_id": "11",
        "object_repr": "11",
        "action_flag": 2,
        "change_message": "[]"
    }
},
{
    "model": "admin.logentry",
    "pk": 43,
    "fields": {
        "action_time": "2019-03-27T13:12:08.537Z",
        "user": 1,
        "content_type": 9,
        "object_id": "11",
        "object_repr": "11",
        "action_flag": 2,
        "change_message": "[]"
    }
},
{
    "model": "admin.logentry",
    "pk": 44,
    "fields": {
        "action_time": "2019-03-27T13:12:15.018Z",
        "user": 1,
        "content_type": 9,
        "object_id": "11",
        "object_repr": "11",
        "action_flag": 2,
        "change_message": "[]"
    }
},
{
    "model": "admin.logentry",
    "pk": 45,
    "fields": {
        "action_time": "2019-03-27T13:12:52.396Z",
        "user": 1,
        "content_type": 9,
        "object_id": "11",
        "object_repr": "11",
        "action_flag": 2,
        "change_message": "[]"
    }
},
{
    "model": "admin.logentry",
    "pk": 46,
    "fields": {
        "action_time": "2019-03-27T13:14:48.811Z",
        "user": 1,
        "content_type": 9,
        "object_id": "11",
        "object_repr": "11",
        "action_flag": 2,
        "change_message": "[]"
    }
},
{
    "model": "admin.logentry",
    "pk": 47,
    "fields": {
        "action_time": "2019-03-27T13:14:56.555Z",
        "user": 1,
        "content_type": 9,
        "object_id": "11",
        "object_repr": "11",
        "action_flag": 2,
        "change_message": "[]"
    }
},
{
    "model": "admin.logentry",
    "pk": 48,
    "fields": {
        "action_time": "2019-03-27T13:20:00.690Z",
        "user": 1,
        "content_type": 9,
        "object_id": "11",
        "object_repr": "11",
        "action_flag": 2,
        "change_message": "[]"
    }
},
{
    "model": "admin.logentry",
    "pk": 49,
    "fields": {
        "action_time": "2019-03-27T13:20:06.902Z",
        "user": 1,
        "content_type": 9,
        "object_id": "11",
        "object_repr": "11",
        "action_flag": 2,
        "change_message": "[]"
    }
},
{
    "model": "admin.logentry",
    "pk": 50,
    "fields": {
        "action_time": "2019-03-27T13:20:14.813Z",
        "user": 1,
        "content_type": 9,
        "object_id": "11",
        "object_repr": "11",
        "action_flag": 2,
        "change_message": "[]"
    }
},
{
    "model": "admin.logentry",
    "pk": 51,
    "fields": {
        "action_time": "2019-03-27T13:26:47.646Z",
        "user": 1,
        "content_type": 9,
        "object_id": "11",
        "object_repr": "11",
        "action_flag": 2,
        "change_message": "[]"
    }
},
{
    "model": "admin.logentry",
    "pk": 52,
    "fields": {
        "action_time": "2019-03-27T13:26:54.482Z",
        "user": 1,
        "content_type": 9,
        "object_id": "11",
        "object_repr": "11",
        "action_flag": 2,
        "change_message": "[]"
    }
},
{
    "model": "admin.logentry",
    "pk": 53,
    "fields": {
        "action_time": "2019-03-27T13:27:00.996Z",
        "user": 1,
        "content_type": 9,
        "object_id": "11",
        "object_repr": "11",
        "action_flag": 2,
        "change_message": "[]"
    }
},
{
    "model": "admin.logentry",
    "pk": 54,
    "fields": {
        "action_time": "2019-03-27T13:30:12.481Z",
        "user": 1,
        "content_type": 9,
        "object_id": "11",
        "object_repr": "11",
        "action_flag": 2,
        "change_message": "[]"
    }
},
{
    "model": "admin.logentry",
    "pk": 55,
    "fields": {
        "action_time": "2019-03-27T13:30:19.151Z",
        "user": 1,
        "content_type": 9,
        "object_id": "11",
        "object_repr": "11",
        "action_flag": 2,
        "change_message": "[]"
    }
},
{
    "model": "admin.logentry",
    "pk": 56,
    "fields": {
        "action_time": "2019-04-20T09:11:16.892Z",
        "user": 1,
        "content_type": 10,
        "object_id": "1",
        "object_repr": "cdil647xvk",
        "action_flag": 1,
        "change_message": "[{\"added\": {}}]"
    }
},
{
    "model": "admin.logentry",
    "pk": 57,
    "fields": {
        "action_time": "2019-04-20T09:11:42.806Z",
        "user": 1,
        "content_type": 10,
        "object_id": "1",
        "object_repr": "r8byrblv60",
        "action_flag": 2,
        "change_message": "[{\"changed\": {\"fields\": [\"order_id\"]}}]"
    }
},
{
    "model": "admin.logentry",
    "pk": 58,
    "fields": {
        "action_time": "2019-04-20T09:39:25.437Z",
        "user": 1,
        "content_type": 10,
        "object_id": "1",
        "object_repr": "r8byrblv60",
        "action_flag": 3,
        "change_message": ""
    }
},
{
    "model": "admin.logentry",
    "pk": 59,
    "fields": {
        "action_time": "2019-04-20T09:40:07.383Z",
        "user": 1,
        "content_type": 9,
        "object_id": "12",
        "object_repr": "12",
        "action_flag": 2,
        "change_message": "[]"
    }
},
{
    "model": "admin.logentry",
    "pk": 60,
    "fields": {
        "action_time": "2019-04-20T09:41:22.096Z",
        "user": 1,
        "content_type": 10,
        "object_id": "2",
        "object_repr": "zypsvcejn4",
        "action_flag": 1,
        "change_message": "[{\"added\": {}}]"
    }
},
{
    "model": "admin.logentry",
    "pk": 61,
    "fields": {
        "action_time": "2019-04-20T09:42:11.299Z",
        "user": 1,
        "content_type": 9,
        "object_id": "10",
        "object_repr": "10",
        "action_flag": 2,
        "change_message": "[]"
    }
},
{
    "model": "admin.logentry",
    "pk": 62,
    "fields": {
        "action_time": "2019-04-22T06:26:40.938Z",
        "user": 1,
        "content_type": 11,
        "object_id": "1",
        "object_repr": "abc@teamcfe2.com",
        "action_flag": 1,
        "change_message": "[{\"added\": {}}]"
    }
},
{
    "model": "admin.logentry",
    "pk": 63,
    "fields": {
        "action_time": "2019-04-22T06:29:37.480Z",
        "user": 1,
        "content_type": 4,
        "object_id": "3",
        "object_repr": "anotheruser",
        "action_flag": 1,
        "change_message": "[{\"added\": {}}]"
    }
},
{
    "model": "admin.logentry",
    "pk": 64,
    "fields": {
        "action_time": "2019-04-22T06:33:12.305Z",
        "user": 1,
        "content_type": 11,
        "object_id": "1",
        "object_repr": "abc@teamcfe2.com",
        "action_flag": 3,
        "change_message": ""
    }
},
{
    "model": "admin.logentry",
    "pk": 65,
    "fields": {
        "action_time": "2019-04-22T06:35:28.914Z",
        "user": 1,
        "content_type": 4,
        "object_id": "2",
        "object_repr": "cfe2",
        "action_flag": 2,
        "change_message": "[{\"changed\": {\"fields\": [\"email\"]}}]"
    }
}
]
